1693916864374,322,/mtours/servlet/com.mercurytours.servlet.WelcomeServlet-169,200,OK,MTours 1-1,text,true,,18626,505,4,4,http://185.255.94.18:8080/mtours/servlet/com.mercurytours.servlet.WelcomeServlet,322,0,82
1693916864696,0,/mtours/servlet/com.mercurytours.servlet.WelcomeServlet-169-0,200,OK,MTours 1-1,text,true,,1091,0,4,4,null,0,0,0
1693916864472,285,/mtours/servlet/com.mercurytours.servlet.WelcomeServlet-169,200,OK,MTours 1-2,text,true,,18626,505,4,4,http://185.255.94.18:8080/mtours/servlet/com.mercurytours.servlet.WelcomeServlet,284,0,92
1693916864756,1,/mtours/servlet/com.mercurytours.servlet.WelcomeServlet-169-0,200,OK,MTours 1-2,text,true,,1091,0,4,4,null,0,0,0
1693916864705,91,/mtours/servlet/com.mercurytours.servlet.WelcomeServlet-173,200,OK,MTours 1-1,text,true,,18665,505,5,5,http://185.255.94.18:8080/mtours/servlet/com.mercurytours.servlet.WelcomeServlet,91,0,0
1693916864796,0,/mtours/servlet/com.mercurytours.servlet.WelcomeServlet-173-0,200,OK,MTours 1-1,text,true,,1130,0,5,5,null,0,0,0
1693916864572,261,/mtours/servlet/com.mercurytours.servlet.WelcomeServlet-169,200,OK,MTours 1-3,text,true,,18626,505,5,5,http://185.255.94.18:8080/mtours/servlet/com.mercurytours.servlet.WelcomeServlet,260,0,85
1693916864832,1,/mtours/servlet/com.mercurytours.servlet.WelcomeServlet-169-0,200,OK,MTours 1-3,text,true,,1091,0,5,5,null,0,0,0
1693916864757,101,/mtours/servlet/com.mercurytours.servlet.WelcomeServlet-173,200,OK,MTours 1-2,text,true,,18665,505,5,5,http://185.255.94.18:8080/mtours/servlet/com.mercurytours.servlet.WelcomeServlet,100,0,0
1693916864857,1,/mtours/servlet/com.mercurytours.servlet.WelcomeServlet-173-0,200,OK,MTours 1-2,text,true,,1130,0,5,5,null,0,0,0
1693916864833,90,/mtours/servlet/com.mercurytours.servlet.WelcomeServlet-173,200,OK,MTours 1-3,text,true,,18665,505,6,6,http://185.255.94.18:8080/mtours/servlet/com.mercurytours.servlet.WelcomeServlet,90,0,0
1693916864923,0,/mtours/servlet/com.mercurytours.servlet.WelcomeServlet-173-0,200,OK,MTours 1-3,text,true,,1130,0,6,6,null,0,0,0
1693916864672,278,/mtours/servlet/com.mercurytours.servlet.WelcomeServlet-169,200,OK,MTours 1-4,text,true,,18626,505,6,6,http://185.255.94.18:8080/mtours/servlet/com.mercurytours.servlet.WelcomeServlet,278,0,91
1693916864950,0,/mtours/servlet/com.mercurytours.servlet.WelcomeServlet-169-0,200,OK,MTours 1-4,text,true,,1091,0,6,6,null,0,0,0
1693916864796,196,/mtours/servlet/com.mercurytours.servlet.SignonServlet?procSub=1-174,200,OK,MTours 1-1,text,true,,18794,1327,7,7,http://185.255.94.18:8080/mtours/servlet/com.mercurytours.servlet.ReservationServlet,105,0,0
1693916864796,105,/mtours/servlet/com.mercurytours.servlet.SignonServlet?procSub=1-174-0,302,Found,MTours 1-1,text,true,,332,674,7,7,http://185.255.94.18:8080/mtours/servlet/com.mercurytours.servlet.SignonServlet?procSub=1,105,0,0
1693916864902,90,/mtours/servlet/com.mercurytours.servlet.SignonServlet?procSub=1-174-1,200,OK,MTours 1-1,text,true,,17232,653,7,7,http://185.255.94.18:8080/mtours/servlet/com.mercurytours.servlet.ReservationServlet,90,0,0
1693916864992,0,/mtours/servlet/com.mercurytours.servlet.SignonServlet?procSub=1-174-2,200,OK,MTours 1-1,text,true,,1230,0,7,7,null,0,0,0
1693916864771,257,/mtours/servlet/com.mercurytours.servlet.WelcomeServlet-169,200,OK,MTours 1-5,text,true,,18626,505,7,7,http://185.255.94.18:8080/mtours/servlet/com.mercurytours.servlet.WelcomeServlet,257,0,83
1693916865028,0,/mtours/servlet/com.mercurytours.servlet.WelcomeServlet-169-0,200,OK,MTours 1-5,text,true,,1091,0,7,7,null,0,0,0
1693916864872,282,/mtours/servlet/com.mercurytours.servlet.WelcomeServlet-169,200,OK,MTours 1-6,text,true,,18626,505,8,8,http://185.255.94.18:8080/mtours/servlet/com.mercurytours.servlet.WelcomeServlet,282,0,92
1693916865029,91,/mtours/servlet/com.mercurytours.servlet.WelcomeServlet-173,200,OK,MTours 1-5,text,true,,18665,505,8,8,http://185.255.94.18:8080/mtours/servlet/com.mercurytours.servlet.WelcomeServlet,90,0,0
1693916864973,255,/mtours/servlet/com.mercurytours.servlet.WelcomeServlet-169,200,OK,MTours 1-7,text,true,,18626,505,9,9,http://185.255.94.18:8080/mtours/servlet/com.mercurytours.servlet.WelcomeServlet,254,0,83
1693916864992,108,/mtours/servlet/com.mercurytours.servlet.ReservationServlet?procSub=1&pg=1-176,200,OK,MTours 1-1,text,true,,23054,872,8,8,http://185.255.94.18:8080/mtours/servlet/com.mercurytours.servlet.ReservationServlet?procSub=1&pg=1,107,0,0
1693916864923,191,/mtours/servlet/com.mercurytours.servlet.SignonServlet?procSub=1-174,200,OK,MTours 1-3,text,true,,18793,1327,8,8,http://185.255.94.18:8080/mtours/servlet/com.mercurytours.servlet.ReservationServlet,100,0,0
1693916864950,100,/mtours/servlet/com.mercurytours.servlet.WelcomeServlet-173,200,OK,MTours 1-4,text,true,,18665,505,7,7,http://185.255.94.18:8080/mtours/servlet/com.mercurytours.servlet.WelcomeServlet,99,0,0
1693916865119,1,/mtours/servlet/com.mercurytours.servlet.WelcomeServlet-173-0,200,OK,MTours 1-5,text,true,,1130,0,8,8,null,0,0,0
1693916865154,0,/mtours/servlet/com.mercurytours.servlet.WelcomeServlet-169-0,200,OK,MTours 1-6,text,true,,1091,0,8,8,null,0,0,0
1693916865228,0,/mtours/servlet/com.mercurytours.servlet.WelcomeServlet-169-0,200,OK,MTours 1-7,text,true,,1091,0,9,9,null,0,0,0
1693916864858,211,/mtours/servlet/com.mercurytours.servlet.SignonServlet?procSub=1-174,200,OK,MTours 1-2,text,true,,18794,1327,7,7,http://185.255.94.18:8080/mtours/servlet/com.mercurytours.servlet.ReservationServlet,108,0,0
1693916865049,1,/mtours/servlet/com.mercurytours.servlet.WelcomeServlet-173-0,200,OK,MTours 1-4,text,true,,1130,0,7,7,null,0,0,0
1693916864923,100,/mtours/servlet/com.mercurytours.servlet.SignonServlet?procSub=1-174-0,302,Found,MTours 1-3,text,true,,332,674,8,8,http://185.255.94.18:8080/mtours/servlet/com.mercurytours.servlet.SignonServlet?procSub=1,100,0,0
1693916864858,108,/mtours/servlet/com.mercurytours.servlet.SignonServlet?procSub=1-174-0,302,Found,MTours 1-2,text,true,,332,674,7,7,http://185.255.94.18:8080/mtours/servlet/com.mercurytours.servlet.SignonServlet?procSub=1,108,0,0
1693916865023,91,/mtours/servlet/com.mercurytours.servlet.SignonServlet?procSub=1-174-1,200,OK,MTours 1-3,text,true,,17232,653,8,8,http://185.255.94.18:8080/mtours/servlet/com.mercurytours.servlet.ReservationServlet,91,0,0
1693916864966,102,/mtours/servlet/com.mercurytours.servlet.SignonServlet?procSub=1-174-1,200,OK,MTours 1-2,text,true,,17232,653,7,7,http://185.255.94.18:8080/mtours/servlet/com.mercurytours.servlet.ReservationServlet,102,0,0
1693916865099,1,/mtours/servlet/com.mercurytours.servlet.ReservationServlet?procSub=1&pg=1-176-0,200,OK,MTours 1-1,text,true,,1371,0,8,8,null,0,0,0
1693916865069,0,/mtours/servlet/com.mercurytours.servlet.SignonServlet?procSub=1-174-2,200,OK,MTours 1-2,text,true,,1230,0,7,7,null,0,0,0
1693916865114,0,/mtours/servlet/com.mercurytours.servlet.SignonServlet?procSub=1-174-2,200,OK,MTours 1-3,text,true,,1229,0,8,8,null,0,0,0
1693916865071,284,/mtours/servlet/com.mercurytours.servlet.WelcomeServlet-169,200,OK,MTours 1-8,text,true,,18626,505,10,10,http://185.255.94.18:8080/mtours/servlet/com.mercurytours.servlet.WelcomeServlet,284,0,93
1693916865355,0,/mtours/servlet/com.mercurytours.servlet.WelcomeServlet-169-0,200,OK,MTours 1-8,text,true,,1091,0,10,10,null,0,0,0
1693916865288,91,/mtours/servlet/com.mercurytours.servlet.WelcomeServlet-173,200,OK,MTours 1-7,text,true,,18665,505,10,10,http://185.255.94.18:8080/mtours/servlet/com.mercurytours.servlet.WelcomeServlet,91,0,0
1693916865379,0,/mtours/servlet/com.mercurytours.servlet.WelcomeServlet-173-0,200,OK,MTours 1-7,text,true,,1130,0,10,10,null,0,0,0
1693916865288,99,/mtours/servlet/com.mercurytours.servlet.WelcomeServlet-173,200,OK,MTours 1-6,text,true,,18665,505,10,10,http://185.255.94.18:8080/mtours/servlet/com.mercurytours.servlet.WelcomeServlet,99,0,0
1693916865387,0,/mtours/servlet/com.mercurytours.servlet.WelcomeServlet-173-0,200,OK,MTours 1-6,text,true,,1130,0,10,10,null,0,0,0
1693916865288,108,/mtours/servlet/com.mercurytours.servlet.ReservationServlet?procSub=1&pg=1-176,200,OK,MTours 1-3,text,true,,23053,872,10,10,http://185.255.94.18:8080/mtours/servlet/com.mercurytours.servlet.ReservationServlet?procSub=1&pg=1,107,0,0
1693916865395,1,/mtours/servlet/com.mercurytours.servlet.ReservationServlet?procSub=1&pg=1-176-0,200,OK,MTours 1-3,text,true,,1370,0,10,10,null,0,0,0
1693916865171,263,/mtours/servlet/com.mercurytours.servlet.WelcomeServlet-169,200,OK,MTours 1-9,text,true,,18626,505,10,10,http://185.255.94.18:8080/mtours/servlet/com.mercurytours.servlet.WelcomeServlet,262,0,87
1693916865433,1,/mtours/servlet/com.mercurytours.servlet.WelcomeServlet-169-0,200,OK,MTours 1-9,text,true,,1091,0,10,10,null,0,0,0
1693916865355,101,/mtours/servlet/com.mercurytours.servlet.WelcomeServlet-173,200,OK,MTours 1-8,text,true,,18665,505,10,10,http://185.255.94.18:8080/mtours/servlet/com.mercurytours.servlet.WelcomeServlet,101,0,0
1693916865456,0,/mtours/servlet/com.mercurytours.servlet.WelcomeServlet-173-0,200,OK,MTours 1-8,text,true,,1130,0,10,10,null,0,0,0
1693916865288,181,/mtours/servlet/com.mercurytours.servlet.PurchaseServlet-177,200,OK,MTours 1-1,text,true,,43990,843,10,10,http://185.255.94.18:8080/mtours/servlet/com.mercurytours.servlet.PurchaseServlet,181,0,0
1693916865469,0,/mtours/servlet/com.mercurytours.servlet.PurchaseServlet-177-0,200,OK,MTours 1-1,text,true,,1254,0,10,10,null,0,0,0
1693916865289,192,/mtours/servlet/com.mercurytours.servlet.SignonServlet?procSub=1-174,200,OK,MTours 1-5,text,true,,18794,1327,10,10,http://185.255.94.18:8080/mtours/servlet/com.mercurytours.servlet.ReservationServlet,101,0,0
1693916865289,101,/mtours/servlet/com.mercurytours.servlet.SignonServlet?procSub=1-174-0,302,Found,MTours 1-5,text,true,,332,674,10,10,http://185.255.94.18:8080/mtours/servlet/com.mercurytours.servlet.SignonServlet?procSub=1,101,0,0
1693916865390,91,/mtours/servlet/com.mercurytours.servlet.SignonServlet?procSub=1-174-1,200,OK,MTours 1-5,text,true,,17232,653,10,10,http://185.255.94.18:8080/mtours/servlet/com.mercurytours.servlet.ReservationServlet,91,0,0
1693916865481,0,/mtours/servlet/com.mercurytours.servlet.SignonServlet?procSub=1-174-2,200,OK,MTours 1-5,text,true,,1230,0,10,10,null,0,0,0
1693916865288,203,/mtours/servlet/com.mercurytours.servlet.ReservationServlet?procSub=1&pg=1-176,200,OK,MTours 1-2,text,true,,23053,872,10,10,http://185.255.94.18:8080/mtours/servlet/com.mercurytours.servlet.ReservationServlet?procSub=1&pg=1,202,0,0
1693916865490,1,/mtours/servlet/com.mercurytours.servlet.ReservationServlet?procSub=1&pg=1-176-0,200,OK,MTours 1-2,text,true,,1370,0,10,10,null,0,0,0
1693916865288,206,/mtours/servlet/com.mercurytours.servlet.SignonServlet?procSub=1-174,200,OK,MTours 1-4,text,true,,18793,1326,10,10,http://185.255.94.18:8080/mtours/servlet/com.mercurytours.servlet.ReservationServlet,107,0,0
1693916865288,107,/mtours/servlet/com.mercurytours.servlet.SignonServlet?procSub=1-174-0,302,Found,MTours 1-4,text,true,,331,674,10,10,http://185.255.94.18:8080/mtours/servlet/com.mercurytours.servlet.SignonServlet?procSub=1,107,0,0
1693916865396,97,/mtours/servlet/com.mercurytours.servlet.SignonServlet?procSub=1-174-1,200,OK,MTours 1-4,text,true,,17232,652,10,10,http://185.255.94.18:8080/mtours/servlet/com.mercurytours.servlet.ReservationServlet,97,0,0
1693916865494,0,/mtours/servlet/com.mercurytours.servlet.SignonServlet?procSub=1-174-2,200,OK,MTours 1-4,text,true,,1230,0,10,10,null,0,0,0
1693916865396,109,/mtours/servlet/com.mercurytours.servlet.PurchaseServlet-177,200,OK,MTours 1-3,text,true,,43989,843,10,10,http://185.255.94.18:8080/mtours/servlet/com.mercurytours.servlet.PurchaseServlet,108,0,0
1693916865504,1,/mtours/servlet/com.mercurytours.servlet.PurchaseServlet-177-0,200,OK,MTours 1-3,text,true,,1253,0,10,10,null,0,0,0
1693916865272,252,/mtours/servlet/com.mercurytours.servlet.WelcomeServlet-169,200,OK,MTours 1-10,text,true,,18627,505,10,10,http://185.255.94.18:8080/mtours/servlet/com.mercurytours.servlet.WelcomeServlet,252,0,82
1693916865524,0,/mtours/servlet/com.mercurytours.servlet.WelcomeServlet-169-0,200,OK,MTours 1-10,text,true,,1092,0,10,10,null,0,0,0
1693916865434,91,/mtours/servlet/com.mercurytours.servlet.WelcomeServlet-173,200,OK,MTours 1-9,text,true,,18665,505,10,10,http://185.255.94.18:8080/mtours/servlet/com.mercurytours.servlet.WelcomeServlet,91,0,0
1693916865525,0,/mtours/servlet/com.mercurytours.servlet.WelcomeServlet-173-0,200,OK,MTours 1-9,text,true,,1130,0,10,10,null,0,0,0
1693916865457,210,/mtours/servlet/com.mercurytours.servlet.SignonServlet?procSub=1-174,200,OK,MTours 1-8,text,true,,18794,1328,10,10,http://185.255.94.18:8080/mtours/servlet/com.mercurytours.servlet.ReservationServlet,110,0,0
1693916865491,202,/mtours/servlet/com.mercurytours.servlet.PurchaseServlet-177,200,OK,MTours 1-2,text,true,,43990,843,10,10,http://185.255.94.18:8080/mtours/servlet/com.mercurytours.servlet.PurchaseServlet,202,0,0
1693916865525,88,/mtours/servlet/com.mercurytours.servlet.WelcomeServlet-173,200,OK,MTours 1-10,text,true,,18666,505,10,10,http://185.255.94.18:8080/mtours/servlet/com.mercurytours.servlet.WelcomeServlet,88,0,0
1693916865457,110,/mtours/servlet/com.mercurytours.servlet.SignonServlet?procSub=1-174-0,302,Found,MTours 1-8,text,true,,333,674,10,10,http://185.255.94.18:8080/mtours/servlet/com.mercurytours.servlet.SignonServlet?procSub=1,110,0,0
1693916865505,100,/mtours/servlet/com.mercurytours.servlet.PurchaseServlet?procSub=1&pg=1-178,200,OK,MTours 1-3,text,true,,17430,1087,10,10,http://185.255.94.18:8080/mtours/servlet/com.mercurytours.servlet.PurchaseServlet?procSub=1&pg=1,100,0,0
1693916865494,110,/mtours/servlet/com.mercurytours.servlet.ReservationServlet?procSub=1&pg=1-176,200,OK,MTours 1-4,text,true,,23053,871,10,10,http://185.255.94.18:8080/mtours/servlet/com.mercurytours.servlet.ReservationServlet?procSub=1&pg=1,109,0,0
1693916865525,193,/mtours/servlet/com.mercurytours.servlet.SignonServlet?procSub=1-174,200,OK,MTours 1-9,text,true,,18794,1327,10,10,http://185.255.94.18:8080/mtours/servlet/com.mercurytours.servlet.ReservationServlet,100,0,0
1693916865693,0,/mtours/servlet/com.mercurytours.servlet.PurchaseServlet-177-0,200,OK,MTours 1-2,text,true,,1254,0,10,10,null,0,0,0
1693916865613,0,/mtours/servlet/com.mercurytours.servlet.WelcomeServlet-173-0,200,OK,MTours 1-10,text,true,,1131,0,10,10,null,0,0,0
1693916865604,0,/mtours/servlet/com.mercurytours.servlet.ReservationServlet?procSub=1&pg=1-176-0,200,OK,MTours 1-4,text,true,,1370,0,10,10,null,0,0,0
1693916865568,98,/mtours/servlet/com.mercurytours.servlet.SignonServlet?procSub=1-174-1,200,OK,MTours 1-8,text,true,,17232,654,10,10,http://185.255.94.18:8080/mtours/servlet/com.mercurytours.servlet.ReservationServlet,98,0,0
1693916865525,100,/mtours/servlet/com.mercurytours.servlet.SignonServlet?procSub=1-174-0,302,Found,MTours 1-9,text,true,,332,674,10,10,http://185.255.94.18:8080/mtours/servlet/com.mercurytours.servlet.SignonServlet?procSub=1,100,0,0
1693916865605,0,/mtours/servlet/com.mercurytours.servlet.PurchaseServlet?procSub=1&pg=1-178-0,200,OK,MTours 1-3,text,true,,1609,0,10,10,null,0,0,0
1693916865666,1,/mtours/servlet/com.mercurytours.servlet.SignonServlet?procSub=1-174-2,200,OK,MTours 1-8,text,true,,1229,0,10,10,null,0,0,0
1693916865625,93,/mtours/servlet/com.mercurytours.servlet.SignonServlet?procSub=1-174-1,200,OK,MTours 1-9,text,true,,17232,653,10,10,http://185.255.94.18:8080/mtours/servlet/com.mercurytours.servlet.ReservationServlet,93,0,0
1693916865718,0,/mtours/servlet/com.mercurytours.servlet.SignonServlet?procSub=1-174-2,200,OK,MTours 1-9,text,true,,1230,0,10,10,null,0,0,0
1693916865387,208,/mtours/servlet/com.mercurytours.servlet.SignonServlet?procSub=1-174,200,OK,MTours 1-6,text,true,,18793,1326,10,10,http://185.255.94.18:8080/mtours/servlet/com.mercurytours.servlet.ReservationServlet,107,0,0
1693916865481,101,/mtours/servlet/com.mercurytours.servlet.ReservationServlet?procSub=1&pg=1-176,200,OK,MTours 1-5,text,true,,23054,872,10,10,http://185.255.94.18:8080/mtours/servlet/com.mercurytours.servlet.ReservationServlet?procSub=1&pg=1,100,0,0
1693916865387,107,/mtours/servlet/com.mercurytours.servlet.SignonServlet?procSub=1-174-0,302,Found,MTours 1-6,text,true,,331,674,10,10,http://185.255.94.18:8080/mtours/servlet/com.mercurytours.servlet.SignonServlet?procSub=1,107,0,0
1693916865469,105,/mtours/servlet/com.mercurytours.servlet.PurchaseServlet?procSub=1&pg=1-178,200,OK,MTours 1-1,text,true,,17431,1087,10,10,http://185.255.94.18:8080/mtours/servlet/com.mercurytours.servlet.PurchaseServlet?procSub=1&pg=1,105,0,0
1693916865380,187,/mtours/servlet/com.mercurytours.servlet.SignonServlet?procSub=1-174,200,OK,MTours 1-7,text,true,,18794,1328,10,10,http://185.255.94.18:8080/mtours/servlet/com.mercurytours.servlet.ReservationServlet,97,0,0
1693916865574,0,/mtours/servlet/com.mercurytours.servlet.PurchaseServlet?procSub=1&pg=1-178-0,200,OK,MTours 1-1,text,true,,1610,0,10,10,null,0,0,0
1693916865380,97,/mtours/servlet/com.mercurytours.servlet.SignonServlet?procSub=1-174-0,302,Found,MTours 1-7,text,true,,333,674,10,10,http://185.255.94.18:8080/mtours/servlet/com.mercurytours.servlet.SignonServlet?procSub=1,97,0,0
1693916865477,90,/mtours/servlet/com.mercurytours.servlet.SignonServlet?procSub=1-174-1,200,OK,MTours 1-7,text,true,,17232,654,10,10,http://185.255.94.18:8080/mtours/servlet/com.mercurytours.servlet.ReservationServlet,90,0,0
1693916865567,0,/mtours/servlet/com.mercurytours.servlet.SignonServlet?procSub=1-174-2,200,OK,MTours 1-7,text,true,,1229,0,10,10,null,0,0,0
1693916865494,101,/mtours/servlet/com.mercurytours.servlet.SignonServlet?procSub=1-174-1,200,OK,MTours 1-6,text,true,,17232,652,10,10,http://185.255.94.18:8080/mtours/servlet/com.mercurytours.servlet.ReservationServlet,101,0,0
1693916865595,0,/mtours/servlet/com.mercurytours.servlet.SignonServlet?procSub=1-174-2,200,OK,MTours 1-6,text,true,,1230,0,10,10,null,0,0,0
1693916865581,1,/mtours/servlet/com.mercurytours.servlet.ReservationServlet?procSub=1&pg=1-176-0,200,OK,MTours 1-5,text,true,,1371,0,10,10,null,0,0,0
1693916865795,103,/mtours/servlet/com.mercurytours.servlet.SignonServlet-179,200,OK,MTours 1-3,text,true,,13978,580,10,10,http://185.255.94.18:8080/mtours/servlet/com.mercurytours.servlet.SignonServlet,103,0,0
1693916865898,0,/mtours/servlet/com.mercurytours.servlet.SignonServlet-179-0,200,OK,MTours 1-3,text,true,,1127,0,10,10,null,0,0,0
1693916865796,102,/mtours/servlet/com.mercurytours.servlet.SignonServlet-179,200,OK,MTours 1-1,text,true,,14409,580,10,10,http://185.255.94.18:8080/mtours/servlet/com.mercurytours.servlet.SignonServlet,102,0,0
1693916865898,0,/mtours/servlet/com.mercurytours.servlet.SignonServlet-179-0,200,OK,MTours 1-1,text,true,,1128,0,10,10,null,0,0,0
1693916865796,105,/mtours/servlet/com.mercurytours.servlet.ReservationServlet?procSub=1&pg=1-176,200,OK,MTours 1-7,text,true,,23053,873,10,10,http://185.255.94.18:8080/mtours/servlet/com.mercurytours.servlet.ReservationServlet?procSub=1&pg=1,105,0,0
1693916865901,0,/mtours/servlet/com.mercurytours.servlet.ReservationServlet?procSub=1&pg=1-176-0,200,OK,MTours 1-7,text,true,,1370,0,10,10,null,0,0,0
1693916865796,105,/mtours/servlet/com.mercurytours.servlet.ReservationServlet?procSub=1&pg=1-176,200,OK,MTours 1-9,text,true,,23054,872,10,10,http://185.255.94.18:8080/mtours/servlet/com.mercurytours.servlet.ReservationServlet?procSub=1&pg=1,105,0,0
1693916865901,0,/mtours/servlet/com.mercurytours.servlet.ReservationServlet?procSub=1&pg=1-176-0,200,OK,MTours 1-9,text,true,,1371,0,10,10,null,0,0,0
1693916865796,114,/mtours/servlet/com.mercurytours.servlet.ReservationServlet?procSub=1&pg=1-176,200,OK,MTours 1-6,text,true,,23054,871,10,10,http://185.255.94.18:8080/mtours/servlet/com.mercurytours.servlet.ReservationServlet?procSub=1&pg=1,113,0,0
1693916865795,115,/mtours/servlet/com.mercurytours.servlet.ReservationServlet?procSub=1&pg=1-176,200,OK,MTours 1-8,text,true,,23054,873,10,10,http://185.255.94.18:8080/mtours/servlet/com.mercurytours.servlet.ReservationServlet?procSub=1&pg=1,114,0,0
1693916865910,0,/mtours/servlet/com.mercurytours.servlet.ReservationServlet?procSub=1&pg=1-176-0,200,OK,MTours 1-6,text,true,,1371,0,10,10,null,0,0,0
1693916865910,0,/mtours/servlet/com.mercurytours.servlet.ReservationServlet?procSub=1&pg=1-176-0,200,OK,MTours 1-8,text,true,,1371,0,10,10,null,0,0,0
1693916865795,115,/mtours/servlet/com.mercurytours.servlet.PurchaseServlet?procSub=1&pg=1-178,200,OK,MTours 1-2,text,true,,17431,1087,10,10,http://185.255.94.18:8080/mtours/servlet/com.mercurytours.servlet.PurchaseServlet?procSub=1&pg=1,115,0,0
1693916865910,0,/mtours/servlet/com.mercurytours.servlet.PurchaseServlet?procSub=1&pg=1-178-0,200,OK,MTours 1-2,text,true,,1610,0,10,10,null,0,0,0
1693916865795,194,/mtours/servlet/com.mercurytours.servlet.SignonServlet?procSub=1-174,200,OK,MTours 1-10,text,true,,18796,1328,10,10,http://185.255.94.18:8080/mtours/servlet/com.mercurytours.servlet.ReservationServlet,103,0,0
1693916865795,103,/mtours/servlet/com.mercurytours.servlet.SignonServlet?procSub=1-174-0,302,Found,MTours 1-10,text,true,,333,674,10,10,http://185.255.94.18:8080/mtours/servlet/com.mercurytours.servlet.SignonServlet?procSub=1,103,0,0
1693916865898,90,/mtours/servlet/com.mercurytours.servlet.SignonServlet?procSub=1-174-1,200,OK,MTours 1-10,text,true,,17232,654,10,10,http://185.255.94.18:8080/mtours/servlet/com.mercurytours.servlet.ReservationServlet,90,0,0
1693916865988,1,/mtours/servlet/com.mercurytours.servlet.SignonServlet?procSub=1-174-2,200,OK,MTours 1-10,text,true,,1231,0,10,10,null,0,0,0
1693916865898,106,/mtours/servlet/com.mercurytours.servlet.WelcomeServlet-186,200,OK,MTours 1-1,text,true,,18329,564,10,10,http://185.255.94.18:8080/mtours/servlet/com.mercurytours.servlet.WelcomeServlet,106,0,0
1693916866004,0,/mtours/servlet/com.mercurytours.servlet.WelcomeServlet-186-0,200,OK,MTours 1-1,text,true,,1130,0,10,10,null,0,0,0
1693916865902,106,/mtours/servlet/com.mercurytours.servlet.PurchaseServlet-177,200,OK,MTours 1-7,text,true,,43989,844,9,9,http://185.255.94.18:8080/mtours/servlet/com.mercurytours.servlet.PurchaseServlet,105,0,0
1693916866008,0,/mtours/servlet/com.mercurytours.servlet.PurchaseServlet-177-0,200,OK,MTours 1-7,text,true,,1253,0,9,9,null,0,0,0
1693916865902,106,/mtours/servlet/com.mercurytours.servlet.PurchaseServlet-177,200,OK,MTours 1-9,text,true,,43990,843,9,9,http://185.255.94.18:8080/mtours/servlet/com.mercurytours.servlet.PurchaseServlet,106,0,0
1693916865898,110,/mtours/servlet/com.mercurytours.servlet.WelcomeServlet-186,200,OK,MTours 1-3,text,true,,20452,564,9,9,http://185.255.94.18:8080/mtours/servlet/com.mercurytours.servlet.WelcomeServlet,110,0,0
1693916866008,0,/mtours/servlet/com.mercurytours.servlet.PurchaseServlet-177-0,200,OK,MTours 1-9,text,true,,1254,0,9,9,null,0,0,0
1693916866008,0,/mtours/servlet/com.mercurytours.servlet.WelcomeServlet-186-0,200,OK,MTours 1-3,text,true,,1129,0,9,9,null,0,0,0
1693916865910,104,/mtours/servlet/com.mercurytours.servlet.SignonServlet-179,200,OK,MTours 1-2,text,true,,11620,580,8,8,http://185.255.94.18:8080/mtours/servlet/com.mercurytours.servlet.SignonServlet,103,0,0
1693916866013,1,/mtours/servlet/com.mercurytours.servlet.SignonServlet-179-0,200,OK,MTours 1-2,text,true,,1128,0,8,8,null,0,0,0
1693916865910,114,/mtours/servlet/com.mercurytours.servlet.PurchaseServlet-177,200,OK,MTours 1-6,text,true,,43990,842,8,8,http://185.255.94.18:8080/mtours/servlet/com.mercurytours.servlet.PurchaseServlet,114,0,0
1693916866024,0,/mtours/servlet/com.mercurytours.servlet.PurchaseServlet-177-0,200,OK,MTours 1-6,text,true,,1254,0,8,8,null,0,0,0
1693916865910,126,/mtours/servlet/com.mercurytours.servlet.PurchaseServlet-177,200,OK,MTours 1-8,text,true,,43990,844,8,8,http://185.255.94.18:8080/mtours/servlet/com.mercurytours.servlet.PurchaseServlet,126,0,0
1693916866036,0,/mtours/servlet/com.mercurytours.servlet.PurchaseServlet-177-0,200,OK,MTours 1-8,text,true,,1254,0,8,8,null,0,0,0
1693916865796,242,/mtours/servlet/com.mercurytours.servlet.PurchaseServlet-177,200,OK,MTours 1-5,text,true,,43990,843,8,8,http://185.255.94.18:8080/mtours/servlet/com.mercurytours.servlet.PurchaseServlet,241,0,0
1693916866037,1,/mtours/servlet/com.mercurytours.servlet.PurchaseServlet-177-0,200,OK,MTours 1-5,text,true,,1254,0,8,8,null,0,0,0
1693916866037,119,/mtours/servlet/com.mercurytours.servlet.PurchaseServlet?procSub=1&pg=1-178,200,OK,MTours 1-8,text,true,,17431,1088,8,8,http://185.255.94.18:8080/mtours/servlet/com.mercurytours.servlet.PurchaseServlet?procSub=1&pg=1,118,0,0
1693916866155,1,/mtours/servlet/com.mercurytours.servlet.PurchaseServlet?procSub=1&pg=1-178-0,200,OK,MTours 1-8,text,true,,1610,0,8,8,null,0,0,0
1693916866025,118,/mtours/servlet/com.mercurytours.servlet.PurchaseServlet?procSub=1&pg=1-178,200,OK,MTours 1-6,text,true,,17431,1086,8,8,http://185.255.94.18:8080/mtours/servlet/com.mercurytours.servlet.PurchaseServlet?procSub=1&pg=1,117,0,0
1693916866038,104,/mtours/servlet/com.mercurytours.servlet.PurchaseServlet?procSub=1&pg=1-178,200,OK,MTours 1-5,text,true,,17430,1087,8,8,http://185.255.94.18:8080/mtours/servlet/com.mercurytours.servlet.PurchaseServlet?procSub=1&pg=1,104,0,0
1693916866142,1,/mtours/servlet/com.mercurytours.servlet.PurchaseServlet?procSub=1&pg=1-178-0,200,OK,MTours 1-6,text,true,,1610,0,8,8,null,0,0,0
1693916866142,0,/mtours/servlet/com.mercurytours.servlet.PurchaseServlet?procSub=1&pg=1-178-0,200,OK,MTours 1-5,text,true,,1609,0,8,8,null,0,0,0
1693916865989,122,/mtours/servlet/com.mercurytours.servlet.ReservationServlet?procSub=1&pg=1-176,200,OK,MTours 1-10,text,true,,23054,873,8,8,http://185.255.94.18:8080/mtours/servlet/com.mercurytours.servlet.ReservationServlet?procSub=1&pg=1,121,0,0
1693916866008,107,/mtours/servlet/com.mercurytours.servlet.PurchaseServlet?procSub=1&pg=1-178,200,OK,MTours 1-7,text,true,,17430,1088,8,8,http://185.255.94.18:8080/mtours/servlet/com.mercurytours.servlet.PurchaseServlet?procSub=1&pg=1,106,0,0
1693916866111,0,/mtours/servlet/com.mercurytours.servlet.ReservationServlet?procSub=1&pg=1-176-0,200,OK,MTours 1-10,text,true,,1371,0,8,8,null,0,0,0
1693916866115,0,/mtours/servlet/com.mercurytours.servlet.PurchaseServlet?procSub=1&pg=1-178-0,200,OK,MTours 1-7,text,true,,1609,0,8,8,null,0,0,0
1693916866014,97,/mtours/servlet/com.mercurytours.servlet.WelcomeServlet-186,200,OK,MTours 1-2,text,true,,18665,564,8,8,http://185.255.94.18:8080/mtours/servlet/com.mercurytours.servlet.WelcomeServlet,96,0,0
1693916865795,254,/mtours/servlet/com.mercurytours.servlet.PurchaseServlet-177,200,OK,MTours 1-4,text,true,,43990,842,8,8,http://185.255.94.18:8080/mtours/servlet/com.mercurytours.servlet.PurchaseServlet,253,0,0
1693916866111,0,/mtours/servlet/com.mercurytours.servlet.WelcomeServlet-186-0,200,OK,MTours 1-2,text,true,,1130,0,8,8,null,0,0,0
1693916866048,1,/mtours/servlet/com.mercurytours.servlet.PurchaseServlet-177-0,200,OK,MTours 1-4,text,true,,1254,0,8,8,null,0,0,0
1693916866009,114,/mtours/servlet/com.mercurytours.servlet.PurchaseServlet?procSub=1&pg=1-178,200,OK,MTours 1-9,text,true,,17431,1087,8,8,http://185.255.94.18:8080/mtours/servlet/com.mercurytours.servlet.PurchaseServlet?procSub=1&pg=1,114,0,0
1693916866123,0,/mtours/servlet/com.mercurytours.servlet.PurchaseServlet?procSub=1&pg=1-178-0,200,OK,MTours 1-9,text,true,,1610,0,8,8,null,0,0,0
1693916866375,92,/mtours/servlet/com.mercurytours.servlet.SignonServlet-179,200,OK,MTours 1-9,text,true,,11620,580,7,7,http://185.255.94.18:8080/mtours/servlet/com.mercurytours.servlet.SignonServlet,92,0,0
1693916866375,92,/mtours/servlet/com.mercurytours.servlet.SignonServlet-179,200,OK,MTours 1-7,text,true,,11619,581,7,7,http://185.255.94.18:8080/mtours/servlet/com.mercurytours.servlet.SignonServlet,91,0,0
1693916866467,0,/mtours/servlet/com.mercurytours.servlet.SignonServlet-179-0,200,OK,MTours 1-9,text,true,,1128,0,7,7,null,0,0,0
1693916866374,93,/mtours/servlet/com.mercurytours.servlet.SignonServlet-179,200,OK,MTours 1-5,text,true,,11620,580,7,7,http://185.255.94.18:8080/mtours/servlet/com.mercurytours.servlet.SignonServlet,92,0,0
1693916866467,0,/mtours/servlet/com.mercurytours.servlet.SignonServlet-179-0,200,OK,MTours 1-7,text,true,,1127,0,7,7,null,0,0,0
1693916866467,0,/mtours/servlet/com.mercurytours.servlet.SignonServlet-179-0,200,OK,MTours 1-5,text,true,,1128,0,7,7,null,0,0,0
1693916866374,99,/mtours/servlet/com.mercurytours.servlet.SignonServlet-179,200,OK,MTours 1-6,text,true,,11620,579,7,7,http://185.255.94.18:8080/mtours/servlet/com.mercurytours.servlet.SignonServlet,99,0,0
1693916866473,0,/mtours/servlet/com.mercurytours.servlet.SignonServlet-179-0,200,OK,MTours 1-6,text,true,,1128,0,7,7,null,0,0,0
1693916866374,102,/mtours/servlet/com.mercurytours.servlet.SignonServlet-179,200,OK,MTours 1-8,text,true,,11620,581,7,7,http://185.255.94.18:8080/mtours/servlet/com.mercurytours.servlet.SignonServlet,102,0,0
1693916866476,0,/mtours/servlet/com.mercurytours.servlet.SignonServlet-179-0,200,OK,MTours 1-8,text,true,,1128,0,7,7,null,0,0,0
1693916866375,126,/mtours/servlet/com.mercurytours.servlet.PurchaseServlet?procSub=1&pg=1-178,200,OK,MTours 1-4,text,true,,17431,1086,7,7,http://185.255.94.18:8080/mtours/servlet/com.mercurytours.servlet.PurchaseServlet?procSub=1&pg=1,126,0,0
1693916866501,0,/mtours/servlet/com.mercurytours.servlet.PurchaseServlet?procSub=1&pg=1-178-0,200,OK,MTours 1-4,text,true,,1610,0,7,7,null,0,0,0
1693916866467,88,/mtours/servlet/com.mercurytours.servlet.WelcomeServlet-186,200,OK,MTours 1-5,text,true,,18665,564,7,7,http://185.255.94.18:8080/mtours/servlet/com.mercurytours.servlet.WelcomeServlet,88,0,0
1693916866555,0,/mtours/servlet/com.mercurytours.servlet.WelcomeServlet-186-0,200,OK,MTours 1-5,text,true,,1130,0,7,7,null,0,0,0
1693916866467,88,/mtours/servlet/com.mercurytours.servlet.WelcomeServlet-186,200,OK,MTours 1-7,text,true,,18664,565,7,7,http://185.255.94.18:8080/mtours/servlet/com.mercurytours.servlet.WelcomeServlet,88,0,0
1693916866555,0,/mtours/servlet/com.mercurytours.servlet.WelcomeServlet-186-0,200,OK,MTours 1-7,text,true,,1129,0,7,7,null,0,0,0
1693916866467,91,/mtours/servlet/com.mercurytours.servlet.WelcomeServlet-186,200,OK,MTours 1-9,text,true,,18665,564,5,5,http://185.255.94.18:8080/mtours/servlet/com.mercurytours.servlet.WelcomeServlet,91,0,0
1693916866558,0,/mtours/servlet/com.mercurytours.servlet.WelcomeServlet-186-0,200,OK,MTours 1-9,text,true,,1130,0,5,5,null,0,0,0
1693916866474,96,/mtours/servlet/com.mercurytours.servlet.WelcomeServlet-186,200,OK,MTours 1-6,text,true,,18664,563,4,4,http://185.255.94.18:8080/mtours/servlet/com.mercurytours.servlet.WelcomeServlet,96,0,0
1693916866570,0,/mtours/servlet/com.mercurytours.servlet.WelcomeServlet-186-0,200,OK,MTours 1-6,text,true,,1129,0,4,4,null,0,0,0
1693916866476,99,/mtours/servlet/com.mercurytours.servlet.WelcomeServlet-186,200,OK,MTours 1-8,text,true,,18665,565,3,3,http://185.255.94.18:8080/mtours/servlet/com.mercurytours.servlet.WelcomeServlet,98,0,0
1693916866574,1,/mtours/servlet/com.mercurytours.servlet.WelcomeServlet-186-0,200,OK,MTours 1-8,text,true,,1130,0,3,3,null,0,0,0
1693916866374,224,/mtours/servlet/com.mercurytours.servlet.PurchaseServlet-177,200,OK,MTours 1-10,text,true,,43990,844,2,2,http://185.255.94.18:8080/mtours/servlet/com.mercurytours.servlet.PurchaseServlet,224,0,0
1693916866502,96,/mtours/servlet/com.mercurytours.servlet.SignonServlet-179,200,OK,MTours 1-4,text,true,,11620,579,2,2,http://185.255.94.18:8080/mtours/servlet/com.mercurytours.servlet.SignonServlet,96,0,0
1693916866598,0,/mtours/servlet/com.mercurytours.servlet.PurchaseServlet-177-0,200,OK,MTours 1-10,text,true,,1254,0,2,2,null,0,0,0
1693916866598,0,/mtours/servlet/com.mercurytours.servlet.SignonServlet-179-0,200,OK,MTours 1-4,text,true,,1128,0,2,2,null,0,0,0
1693916866900,99,/mtours/servlet/com.mercurytours.servlet.WelcomeServlet-186,200,OK,MTours 1-4,text,true,,18665,563,2,2,http://185.255.94.18:8080/mtours/servlet/com.mercurytours.servlet.WelcomeServlet,98,0,0
1693916866998,1,/mtours/servlet/com.mercurytours.servlet.WelcomeServlet-186-0,200,OK,MTours 1-4,text,true,,1130,0,2,2,null,0,0,0
1693916866900,103,/mtours/servlet/com.mercurytours.servlet.PurchaseServlet?procSub=1&pg=1-178,200,OK,MTours 1-10,text,true,,17432,1088,1,1,http://185.255.94.18:8080/mtours/servlet/com.mercurytours.servlet.PurchaseServlet?procSub=1&pg=1,103,0,0
1693916867003,0,/mtours/servlet/com.mercurytours.servlet.PurchaseServlet?procSub=1&pg=1-178-0,200,OK,MTours 1-10,text,true,,1611,0,1,1,null,0,0,0
1693916867003,89,/mtours/servlet/com.mercurytours.servlet.SignonServlet-179,200,OK,MTours 1-10,text,true,,11621,581,1,1,http://185.255.94.18:8080/mtours/servlet/com.mercurytours.servlet.SignonServlet,88,0,0
1693916867092,0,/mtours/servlet/com.mercurytours.servlet.SignonServlet-179-0,200,OK,MTours 1-10,text,true,,1129,0,1,1,null,0,0,0
1693916867427,90,/mtours/servlet/com.mercurytours.servlet.WelcomeServlet-186,200,OK,MTours 1-10,text,true,,18666,565,1,1,http://185.255.94.18:8080/mtours/servlet/com.mercurytours.servlet.WelcomeServlet,89,0,0
1693916867517,0,/mtours/servlet/com.mercurytours.servlet.WelcomeServlet-186-0,200,OK,MTours 1-10,text,true,,1131,0,1,1,null,0,0,0
